--
-- PostgreSQL database dump
--

-- Dumped from database version 9.4.4
-- Dumped by pg_dump version 9.4.4
-- Started on 2015-09-16 08:35:00 ECT

SET statement_timeout = 0;
SET lock_timeout = 0;
SET client_encoding = 'LATIN1';
SET standard_conforming_strings = on;
SET check_function_bodies = false;
SET client_min_messages = warning;

--
-- TOC entry 198 (class 3079 OID 11935)
-- Name: plpgsql; Type: EXTENSION; Schema: -; Owner: 
--

CREATE EXTENSION IF NOT EXISTS plpgsql WITH SCHEMA pg_catalog;


--
-- TOC entry 2226 (class 0 OID 0)
-- Dependencies: 198
-- Name: EXTENSION plpgsql; Type: COMMENT; Schema: -; Owner: 
--

COMMENT ON EXTENSION plpgsql IS 'PL/pgSQL procedural language';


SET search_path = public, pg_catalog;

SET default_tablespace = '';

SET default_with_oids = false;

--
-- TOC entry 193 (class 1259 OID 16555)
-- Name: actividad_cardiaca; Type: TABLE; Schema: public; Owner: postgres; Tablespace: 
--

CREATE TABLE actividad_cardiaca (
    id_actividad_cardiaca integer NOT NULL,
    fecha_hora timestamp without time zone DEFAULT now() NOT NULL,
    pulso smallint,
    id_usuario integer
);


ALTER TABLE actividad_cardiaca OWNER TO postgres;

--
-- TOC entry 192 (class 1259 OID 16553)
-- Name: actividad_cardiaca_id_actividad_cardica_seq; Type: SEQUENCE; Schema: public; Owner: postgres
--

CREATE SEQUENCE actividad_cardiaca_id_actividad_cardica_seq
    START WITH 1
    INCREMENT BY 1
    NO MINVALUE
    NO MAXVALUE
    CACHE 1;


ALTER TABLE actividad_cardiaca_id_actividad_cardica_seq OWNER TO postgres;

--
-- TOC entry 2227 (class 0 OID 0)
-- Dependencies: 192
-- Name: actividad_cardiaca_id_actividad_cardica_seq; Type: SEQUENCE OWNED BY; Schema: public; Owner: postgres
--

ALTER SEQUENCE actividad_cardiaca_id_actividad_cardica_seq OWNED BY actividad_cardiaca.id_actividad_cardiaca;


--
-- TOC entry 187 (class 1259 OID 16501)
-- Name: area_trabajo; Type: TABLE; Schema: public; Owner: postgres; Tablespace: 
--

CREATE TABLE area_trabajo (
    id_area_trabajo integer NOT NULL,
    descripcion character varying(100)
);


ALTER TABLE area_trabajo OWNER TO postgres;

--
-- TOC entry 186 (class 1259 OID 16499)
-- Name: area_trabajo_id_area_trabajo_seq; Type: SEQUENCE; Schema: public; Owner: postgres
--

CREATE SEQUENCE area_trabajo_id_area_trabajo_seq
    START WITH 1
    INCREMENT BY 1
    NO MINVALUE
    NO MAXVALUE
    CACHE 1;


ALTER TABLE area_trabajo_id_area_trabajo_seq OWNER TO postgres;

--
-- TOC entry 2228 (class 0 OID 0)
-- Dependencies: 186
-- Name: area_trabajo_id_area_trabajo_seq; Type: SEQUENCE OWNED BY; Schema: public; Owner: postgres
--

ALTER SEQUENCE area_trabajo_id_area_trabajo_seq OWNED BY area_trabajo.id_area_trabajo;


--
-- TOC entry 189 (class 1259 OID 16512)
-- Name: datos_laborales; Type: TABLE; Schema: public; Owner: postgres; Tablespace: 
--

CREATE TABLE datos_laborales (
    id_datos_laborales integer NOT NULL,
    nombre_institucion character varying(100),
    fecha_inicio date,
    id_tipo_institucion integer,
    id_area_trabajo integer,
    id_usuario integer
);


ALTER TABLE datos_laborales OWNER TO postgres;

--
-- TOC entry 188 (class 1259 OID 16510)
-- Name: datos_laborales_id_datos_laborales_seq; Type: SEQUENCE; Schema: public; Owner: postgres
--

CREATE SEQUENCE datos_laborales_id_datos_laborales_seq
    START WITH 1
    INCREMENT BY 1
    NO MINVALUE
    NO MAXVALUE
    CACHE 1;


ALTER TABLE datos_laborales_id_datos_laborales_seq OWNER TO postgres;

--
-- TOC entry 2229 (class 0 OID 0)
-- Dependencies: 188
-- Name: datos_laborales_id_datos_laborales_seq; Type: SEQUENCE OWNED BY; Schema: public; Owner: postgres
--

ALTER SEQUENCE datos_laborales_id_datos_laborales_seq OWNED BY datos_laborales.id_datos_laborales;


--
-- TOC entry 191 (class 1259 OID 16539)
-- Name: datos_profesionales; Type: TABLE; Schema: public; Owner: postgres; Tablespace: 
--

CREATE TABLE datos_profesionales (
    id_datos_profesionales integer NOT NULL,
    universidad character varying(100),
    titulo character varying(100),
    fecha_graduacion date,
    id_usuario integer
);


ALTER TABLE datos_profesionales OWNER TO postgres;

--
-- TOC entry 190 (class 1259 OID 16537)
-- Name: datos_profesionales_id_datos_profesionales_seq; Type: SEQUENCE; Schema: public; Owner: postgres
--

CREATE SEQUENCE datos_profesionales_id_datos_profesionales_seq
    START WITH 1
    INCREMENT BY 1
    NO MINVALUE
    NO MAXVALUE
    CACHE 1;


ALTER TABLE datos_profesionales_id_datos_profesionales_seq OWNER TO postgres;

--
-- TOC entry 2230 (class 0 OID 0)
-- Dependencies: 190
-- Name: datos_profesionales_id_datos_profesionales_seq; Type: SEQUENCE OWNED BY; Schema: public; Owner: postgres
--

ALTER SEQUENCE datos_profesionales_id_datos_profesionales_seq OWNED BY datos_profesionales.id_datos_profesionales;


--
-- TOC entry 183 (class 1259 OID 16469)
-- Name: directorio; Type: TABLE; Schema: public; Owner: postgres; Tablespace: 
--

CREATE TABLE directorio (
    id_directorio integer NOT NULL,
    nombre_contacto character varying(50),
    apellido_contacto character varying(50),
    celular_contacto character varying(10),
    email_contacto character varying(100),
    id_usuario integer,
    id_tipo_relacion integer
);


ALTER TABLE directorio OWNER TO postgres;

--
-- TOC entry 182 (class 1259 OID 16467)
-- Name: directorio_id_directorio_seq; Type: SEQUENCE; Schema: public; Owner: postgres
--

CREATE SEQUENCE directorio_id_directorio_seq
    START WITH 1
    INCREMENT BY 1
    NO MINVALUE
    NO MAXVALUE
    CACHE 1;


ALTER TABLE directorio_id_directorio_seq OWNER TO postgres;

--
-- TOC entry 2231 (class 0 OID 0)
-- Dependencies: 182
-- Name: directorio_id_directorio_seq; Type: SEQUENCE OWNED BY; Schema: public; Owner: postgres
--

ALTER SEQUENCE directorio_id_directorio_seq OWNED BY directorio.id_directorio;


--
-- TOC entry 195 (class 1259 OID 16568)
-- Name: notificacion; Type: TABLE; Schema: public; Owner: postgres; Tablespace: 
--

CREATE TABLE notificacion (
    id_notificacion integer NOT NULL,
    fecha_hora timestamp without time zone DEFAULT now(),
    observacion character varying(50),
    id_directorio integer,
    id_tipo_notificacion integer
);


ALTER TABLE notificacion OWNER TO postgres;

--
-- TOC entry 194 (class 1259 OID 16566)
-- Name: notificacion_id_notificacion_seq; Type: SEQUENCE; Schema: public; Owner: postgres
--

CREATE SEQUENCE notificacion_id_notificacion_seq
    START WITH 1
    INCREMENT BY 1
    NO MINVALUE
    NO MAXVALUE
    CACHE 1;


ALTER TABLE notificacion_id_notificacion_seq OWNER TO postgres;

--
-- TOC entry 2232 (class 0 OID 0)
-- Dependencies: 194
-- Name: notificacion_id_notificacion_seq; Type: SEQUENCE OWNED BY; Schema: public; Owner: postgres
--

ALTER SEQUENCE notificacion_id_notificacion_seq OWNED BY notificacion.id_notificacion;


--
-- TOC entry 197 (class 1259 OID 16589)
-- Name: pulso_ideal; Type: TABLE; Schema: public; Owner: postgres; Tablespace: 
--

CREATE TABLE pulso_ideal (
    id_pulso_ideal integer NOT NULL,
    minimo integer,
    maximo integer,
    observacion character varying(50),
    edad integer
);


ALTER TABLE pulso_ideal OWNER TO postgres;

--
-- TOC entry 196 (class 1259 OID 16587)
-- Name: pulso_ideal_id_pulso_ideal_seq; Type: SEQUENCE; Schema: public; Owner: postgres
--

CREATE SEQUENCE pulso_ideal_id_pulso_ideal_seq
    START WITH 1
    INCREMENT BY 1
    NO MINVALUE
    NO MAXVALUE
    CACHE 1;


ALTER TABLE pulso_ideal_id_pulso_ideal_seq OWNER TO postgres;

--
-- TOC entry 2233 (class 0 OID 0)
-- Dependencies: 196
-- Name: pulso_ideal_id_pulso_ideal_seq; Type: SEQUENCE OWNED BY; Schema: public; Owner: postgres
--

ALTER SEQUENCE pulso_ideal_id_pulso_ideal_seq OWNED BY pulso_ideal.id_pulso_ideal;


--
-- TOC entry 175 (class 1259 OID 16419)
-- Name: tipo_identificacion; Type: TABLE; Schema: public; Owner: postgres; Tablespace: 
--

CREATE TABLE tipo_identificacion (
    id_tipo_identificacion integer NOT NULL,
    descripcion character varying(50)
);


ALTER TABLE tipo_identificacion OWNER TO postgres;

--
-- TOC entry 174 (class 1259 OID 16417)
-- Name: tipo_identificacion_id_tipo_identificacion_seq; Type: SEQUENCE; Schema: public; Owner: postgres
--

CREATE SEQUENCE tipo_identificacion_id_tipo_identificacion_seq
    START WITH 1
    INCREMENT BY 1
    NO MINVALUE
    NO MAXVALUE
    CACHE 1;


ALTER TABLE tipo_identificacion_id_tipo_identificacion_seq OWNER TO postgres;

--
-- TOC entry 2234 (class 0 OID 0)
-- Dependencies: 174
-- Name: tipo_identificacion_id_tipo_identificacion_seq; Type: SEQUENCE OWNED BY; Schema: public; Owner: postgres
--

ALTER SEQUENCE tipo_identificacion_id_tipo_identificacion_seq OWNED BY tipo_identificacion.id_tipo_identificacion;


--
-- TOC entry 185 (class 1259 OID 16490)
-- Name: tipo_institucion; Type: TABLE; Schema: public; Owner: postgres; Tablespace: 
--

CREATE TABLE tipo_institucion (
    id_tipo_institucion integer NOT NULL,
    descripcion character varying(50)
);


ALTER TABLE tipo_institucion OWNER TO postgres;

--
-- TOC entry 184 (class 1259 OID 16488)
-- Name: tipo_institucion_id_tipo_institucion_seq; Type: SEQUENCE; Schema: public; Owner: postgres
--

CREATE SEQUENCE tipo_institucion_id_tipo_institucion_seq
    START WITH 1
    INCREMENT BY 1
    NO MINVALUE
    NO MAXVALUE
    CACHE 1;


ALTER TABLE tipo_institucion_id_tipo_institucion_seq OWNER TO postgres;

--
-- TOC entry 2235 (class 0 OID 0)
-- Dependencies: 184
-- Name: tipo_institucion_id_tipo_institucion_seq; Type: SEQUENCE OWNED BY; Schema: public; Owner: postgres
--

ALTER SEQUENCE tipo_institucion_id_tipo_institucion_seq OWNED BY tipo_institucion.id_tipo_institucion;


--
-- TOC entry 181 (class 1259 OID 16461)
-- Name: tipo_notificacion; Type: TABLE; Schema: public; Owner: postgres; Tablespace: 
--

CREATE TABLE tipo_notificacion (
    id_tipo_notificacion integer NOT NULL,
    descripcion character varying(50)
);


ALTER TABLE tipo_notificacion OWNER TO postgres;

--
-- TOC entry 180 (class 1259 OID 16459)
-- Name: tipo_notificacion_id_tipo_notificacion_seq; Type: SEQUENCE; Schema: public; Owner: postgres
--

CREATE SEQUENCE tipo_notificacion_id_tipo_notificacion_seq
    START WITH 1
    INCREMENT BY 1
    NO MINVALUE
    NO MAXVALUE
    CACHE 1;


ALTER TABLE tipo_notificacion_id_tipo_notificacion_seq OWNER TO postgres;

--
-- TOC entry 2236 (class 0 OID 0)
-- Dependencies: 180
-- Name: tipo_notificacion_id_tipo_notificacion_seq; Type: SEQUENCE OWNED BY; Schema: public; Owner: postgres
--

ALTER SEQUENCE tipo_notificacion_id_tipo_notificacion_seq OWNED BY tipo_notificacion.id_tipo_notificacion;


--
-- TOC entry 179 (class 1259 OID 16453)
-- Name: tipo_relacion; Type: TABLE; Schema: public; Owner: postgres; Tablespace: 
--

CREATE TABLE tipo_relacion (
    id_tipo_relacion integer NOT NULL,
    descripcion character varying(50)
);


ALTER TABLE tipo_relacion OWNER TO postgres;

--
-- TOC entry 178 (class 1259 OID 16451)
-- Name: tipo_relacion_id_tipo_relacion_seq; Type: SEQUENCE; Schema: public; Owner: postgres
--

CREATE SEQUENCE tipo_relacion_id_tipo_relacion_seq
    START WITH 1
    INCREMENT BY 1
    NO MINVALUE
    NO MAXVALUE
    CACHE 1;


ALTER TABLE tipo_relacion_id_tipo_relacion_seq OWNER TO postgres;

--
-- TOC entry 2237 (class 0 OID 0)
-- Dependencies: 178
-- Name: tipo_relacion_id_tipo_relacion_seq; Type: SEQUENCE OWNED BY; Schema: public; Owner: postgres
--

ALTER SEQUENCE tipo_relacion_id_tipo_relacion_seq OWNED BY tipo_relacion.id_tipo_relacion;


--
-- TOC entry 173 (class 1259 OID 16411)
-- Name: tipo_usuario; Type: TABLE; Schema: public; Owner: postgres; Tablespace: 
--

CREATE TABLE tipo_usuario (
    id_tipo_usuario integer NOT NULL,
    descripcion character varying(50)
);


ALTER TABLE tipo_usuario OWNER TO postgres;

--
-- TOC entry 172 (class 1259 OID 16409)
-- Name: tipo_usuario_id_tipo_usuario_seq; Type: SEQUENCE; Schema: public; Owner: postgres
--

CREATE SEQUENCE tipo_usuario_id_tipo_usuario_seq
    START WITH 1
    INCREMENT BY 1
    NO MINVALUE
    NO MAXVALUE
    CACHE 1;


ALTER TABLE tipo_usuario_id_tipo_usuario_seq OWNER TO postgres;

--
-- TOC entry 2238 (class 0 OID 0)
-- Dependencies: 172
-- Name: tipo_usuario_id_tipo_usuario_seq; Type: SEQUENCE OWNED BY; Schema: public; Owner: postgres
--

ALTER SEQUENCE tipo_usuario_id_tipo_usuario_seq OWNED BY tipo_usuario.id_tipo_usuario;


--
-- TOC entry 177 (class 1259 OID 16427)
-- Name: usuario; Type: TABLE; Schema: public; Owner: postgres; Tablespace: 
--

CREATE TABLE usuario (
    id_usuario integer NOT NULL,
    num_identificacion bigint,
    nombres character varying(50),
    apellidos character varying(50),
    fecha_nacimiento date,
    celular bigint,
    email character varying(100),
    genero smallint,
    username character varying(10),
    password character varying(20),
    id_tipo_usuario integer,
    id_tipo_identificacion integer
);


ALTER TABLE usuario OWNER TO postgres;

--
-- TOC entry 176 (class 1259 OID 16425)
-- Name: usuario_id_usuario_seq; Type: SEQUENCE; Schema: public; Owner: postgres
--

CREATE SEQUENCE usuario_id_usuario_seq
    START WITH 1
    INCREMENT BY 1
    NO MINVALUE
    NO MAXVALUE
    CACHE 1;


ALTER TABLE usuario_id_usuario_seq OWNER TO postgres;

--
-- TOC entry 2239 (class 0 OID 0)
-- Dependencies: 176
-- Name: usuario_id_usuario_seq; Type: SEQUENCE OWNED BY; Schema: public; Owner: postgres
--

ALTER SEQUENCE usuario_id_usuario_seq OWNED BY usuario.id_usuario;


--
-- TOC entry 2042 (class 2604 OID 16558)
-- Name: id_actividad_cardiaca; Type: DEFAULT; Schema: public; Owner: postgres
--

ALTER TABLE ONLY actividad_cardiaca ALTER COLUMN id_actividad_cardiaca SET DEFAULT nextval('actividad_cardiaca_id_actividad_cardica_seq'::regclass);


--
-- TOC entry 2039 (class 2604 OID 16504)
-- Name: id_area_trabajo; Type: DEFAULT; Schema: public; Owner: postgres
--

ALTER TABLE ONLY area_trabajo ALTER COLUMN id_area_trabajo SET DEFAULT nextval('area_trabajo_id_area_trabajo_seq'::regclass);


--
-- TOC entry 2040 (class 2604 OID 16515)
-- Name: id_datos_laborales; Type: DEFAULT; Schema: public; Owner: postgres
--

ALTER TABLE ONLY datos_laborales ALTER COLUMN id_datos_laborales SET DEFAULT nextval('datos_laborales_id_datos_laborales_seq'::regclass);


--
-- TOC entry 2041 (class 2604 OID 16542)
-- Name: id_datos_profesionales; Type: DEFAULT; Schema: public; Owner: postgres
--

ALTER TABLE ONLY datos_profesionales ALTER COLUMN id_datos_profesionales SET DEFAULT nextval('datos_profesionales_id_datos_profesionales_seq'::regclass);


--
-- TOC entry 2037 (class 2604 OID 16472)
-- Name: id_directorio; Type: DEFAULT; Schema: public; Owner: postgres
--

ALTER TABLE ONLY directorio ALTER COLUMN id_directorio SET DEFAULT nextval('directorio_id_directorio_seq'::regclass);


--
-- TOC entry 2044 (class 2604 OID 16571)
-- Name: id_notificacion; Type: DEFAULT; Schema: public; Owner: postgres
--

ALTER TABLE ONLY notificacion ALTER COLUMN id_notificacion SET DEFAULT nextval('notificacion_id_notificacion_seq'::regclass);


--
-- TOC entry 2046 (class 2604 OID 16592)
-- Name: id_pulso_ideal; Type: DEFAULT; Schema: public; Owner: postgres
--

ALTER TABLE ONLY pulso_ideal ALTER COLUMN id_pulso_ideal SET DEFAULT nextval('pulso_ideal_id_pulso_ideal_seq'::regclass);


--
-- TOC entry 2033 (class 2604 OID 16422)
-- Name: id_tipo_identificacion; Type: DEFAULT; Schema: public; Owner: postgres
--

ALTER TABLE ONLY tipo_identificacion ALTER COLUMN id_tipo_identificacion SET DEFAULT nextval('tipo_identificacion_id_tipo_identificacion_seq'::regclass);


--
-- TOC entry 2038 (class 2604 OID 16493)
-- Name: id_tipo_institucion; Type: DEFAULT; Schema: public; Owner: postgres
--

ALTER TABLE ONLY tipo_institucion ALTER COLUMN id_tipo_institucion SET DEFAULT nextval('tipo_institucion_id_tipo_institucion_seq'::regclass);


--
-- TOC entry 2036 (class 2604 OID 16464)
-- Name: id_tipo_notificacion; Type: DEFAULT; Schema: public; Owner: postgres
--

ALTER TABLE ONLY tipo_notificacion ALTER COLUMN id_tipo_notificacion SET DEFAULT nextval('tipo_notificacion_id_tipo_notificacion_seq'::regclass);


--
-- TOC entry 2035 (class 2604 OID 16456)
-- Name: id_tipo_relacion; Type: DEFAULT; Schema: public; Owner: postgres
--

ALTER TABLE ONLY tipo_relacion ALTER COLUMN id_tipo_relacion SET DEFAULT nextval('tipo_relacion_id_tipo_relacion_seq'::regclass);


--
-- TOC entry 2032 (class 2604 OID 16414)
-- Name: id_tipo_usuario; Type: DEFAULT; Schema: public; Owner: postgres
--

ALTER TABLE ONLY tipo_usuario ALTER COLUMN id_tipo_usuario SET DEFAULT nextval('tipo_usuario_id_tipo_usuario_seq'::regclass);


--
-- TOC entry 2034 (class 2604 OID 16430)
-- Name: id_usuario; Type: DEFAULT; Schema: public; Owner: postgres
--

ALTER TABLE ONLY usuario ALTER COLUMN id_usuario SET DEFAULT nextval('usuario_id_usuario_seq'::regclass);


--
-- TOC entry 2214 (class 0 OID 16555)
-- Dependencies: 193
-- Data for Name: actividad_cardiaca; Type: TABLE DATA; Schema: public; Owner: postgres
--

COPY actividad_cardiaca (id_actividad_cardiaca, fecha_hora, pulso, id_usuario) FROM stdin;
29	2015-09-15 19:53:49.489574	1	2
30	2015-09-15 19:56:43.418124	0	2
31	2015-09-15 19:56:56.851604	1	2
32	2015-09-15 19:59:19.224806	0	2
33	2015-09-15 20:01:24.691948	0	2
34	2015-09-15 20:01:48.164244	0	2
35	2015-09-15 20:01:50.942907	0	2
36	2015-09-15 20:01:52.769973	0	2
37	2015-09-15 20:01:57.949378	0	2
38	2015-09-15 20:02:03.332775	1	2
39	2015-09-15 20:02:05.623226	0	2
40	2015-09-15 20:02:08.274457	1	2
41	2015-09-15 20:03:33.677105	1	2
42	2015-09-15 20:03:40.78368	0	2
43	2015-09-15 20:03:43.471395	0	2
44	2015-09-15 20:03:45.25963	0	2
45	2015-09-15 20:03:46.846627	0	2
46	2015-09-15 20:03:48.488247	0	2
47	2015-09-15 20:05:55.254093	1	2
48	2015-09-15 20:06:05.909449	1	2
49	2015-09-15 20:08:22.324889	1	2
50	2015-09-15 20:12:44.345991	0	2
51	2015-09-15 20:12:46.049242	1	2
52	2015-09-15 20:12:47.459875	1	2
53	2015-09-15 20:12:48.886958	0	2
54	2015-09-15 20:12:50.276604	0	2
55	2015-09-15 20:12:51.688472	0	2
56	2015-09-15 20:12:53.292203	1	2
57	2015-09-15 20:12:54.671591	0	2
58	2015-09-15 20:12:56.127184	0	2
59	2015-09-15 20:12:57.540127	0	2
60	2015-09-15 20:12:58.954328	1	2
61	2015-09-15 20:13:00.383472	0	2
62	2015-09-15 20:13:01.815708	0	2
63	2015-09-15 20:13:03.233141	0	2
64	2015-09-15 20:13:04.741103	0	2
65	2015-09-15 20:13:06.241169	0	2
66	2015-09-15 20:13:07.725069	1	2
67	2015-09-15 20:13:09.174836	0	2
68	2015-09-15 20:13:10.541969	0	2
69	2015-09-15 20:13:11.918231	0	2
70	2015-09-15 20:13:13.289131	1	2
71	2015-09-15 20:13:14.707431	0	2
72	2015-09-15 20:13:16.092375	0	2
73	2015-09-15 20:13:17.564603	1	2
74	2015-09-15 20:13:18.970213	0	2
75	2015-09-15 20:13:20.425305	0	2
76	2015-09-15 20:13:21.835162	0	2
77	2015-09-15 20:13:23.304417	0	2
78	2015-09-15 20:13:24.68219	0	2
79	2015-09-15 20:13:26.120113	0	2
80	2015-09-15 20:13:27.659076	0	2
81	2015-09-15 20:13:29.141364	1	2
82	2015-09-15 20:13:30.527459	0	2
83	2015-09-15 20:13:31.977496	1	2
84	2015-09-15 20:13:33.364057	1	2
85	2015-09-15 20:13:34.904755	1	2
86	2015-09-15 20:13:36.398124	0	2
87	2015-09-15 20:13:37.868886	0	2
88	2015-09-15 20:13:39.351688	0	2
89	2015-09-15 20:13:40.872771	0	2
90	2015-09-15 20:13:42.409229	1	2
91	2015-09-15 20:13:43.892873	1	2
92	2015-09-15 20:13:45.414811	1	2
93	2015-09-15 20:13:46.89978	0	2
94	2015-09-15 20:13:48.440523	0	2
95	2015-09-15 20:13:49.859713	1	2
96	2015-09-15 20:13:51.316168	1	2
97	2015-09-15 20:13:53.180152	0	2
98	2015-09-15 20:13:54.66319	1	2
99	2015-09-15 20:13:56.136564	1	2
100	2015-09-15 20:13:57.546179	1	2
101	2015-09-15 20:13:58.951529	1	2
102	2015-09-15 20:14:00.376628	1	2
103	2015-09-15 20:14:01.90169	1	2
104	2015-09-16 00:11:50.506796	0	2
105	2015-09-16 00:11:51.835738	1	2
106	2015-09-16 00:11:53.239993	0	2
107	2015-09-16 00:11:54.75375	0	2
108	2015-09-16 00:11:56.136745	0	2
109	2015-09-16 00:11:57.567347	1	2
110	2015-09-16 00:11:58.992523	0	2
111	2015-09-16 00:12:00.37491	0	2
112	2015-09-16 00:12:01.784512	1	2
113	2015-09-16 00:12:03.221538	0	2
114	2015-09-16 00:12:04.626486	1	2
115	2015-09-16 00:12:06.076648	0	2
116	2015-09-16 00:12:07.481217	0	2
117	2015-09-16 00:12:08.846905	1	2
118	2015-09-16 00:12:10.364379	1	2
119	2015-09-16 00:12:11.764929	0	2
120	2015-09-16 00:12:13.241894	0	2
121	2015-09-16 00:12:14.634483	1	2
122	2015-09-16 00:12:16.106624	0	2
123	2015-09-16 00:13:28.483	0	2
124	2015-09-16 00:13:29.831232	0	2
125	2015-09-16 00:13:31.219778	1	2
126	2015-09-16 00:13:32.65383	1	2
127	2015-09-16 00:13:34.030358	0	2
128	2015-09-16 00:13:36.176453	1	2
129	2015-09-16 00:13:38.105871	0	2
130	2015-09-16 00:13:39.536343	1	2
131	2015-09-16 00:13:40.925684	0	2
132	2015-09-16 00:13:42.326799	0	2
133	2015-09-16 00:13:43.728725	0	2
134	2015-09-16 00:13:45.135467	0	2
135	2015-09-16 00:13:46.570003	1	2
136	2015-09-16 00:13:47.945193	1	2
137	2015-09-16 00:13:49.416658	1	2
138	2015-09-16 00:13:50.861258	0	2
139	2015-09-16 00:13:52.254513	1	2
140	2015-09-16 00:13:53.662576	1	2
141	2015-09-16 00:13:55.08959	1	2
142	2015-09-16 00:13:56.526373	0	2
143	2015-09-16 00:13:57.979757	0	2
144	2015-09-16 00:13:59.367318	0	2
145	2015-09-16 00:14:00.840709	1	2
146	2015-09-16 00:14:02.278641	1	2
147	2015-09-16 00:14:03.727814	0	2
148	2015-09-16 00:14:05.276034	1	2
149	2015-09-16 00:14:06.647788	0	2
150	2015-09-16 00:14:08.196446	1	2
151	2015-09-16 00:14:09.619024	0	2
152	2015-09-16 00:14:11.039931	0	2
153	2015-09-16 00:14:12.414506	0	2
154	2015-09-16 00:14:13.837775	1	2
155	2015-09-16 00:14:15.250102	1	2
156	2015-09-16 00:14:16.636085	0	2
157	2015-09-16 00:14:18.040234	0	2
158	2015-09-16 00:14:19.411871	1	2
159	2015-09-16 00:14:21.049742	1	2
160	2015-09-16 00:14:22.450695	0	2
161	2015-09-16 00:14:23.826362	1	2
162	2015-09-16 00:14:25.351611	1	2
163	2015-09-16 00:14:26.71945	1	2
164	2015-09-16 00:36:19.076586	1	2
165	2015-09-16 00:36:22.733828	0	2
166	2015-09-16 00:36:26.121788	1	2
167	2015-09-16 00:36:29.532867	0	2
168	2015-09-16 00:36:32.989073	1	2
169	2015-09-16 00:36:36.409341	1	2
170	2015-09-16 00:36:39.809135	1	2
171	2015-09-16 00:36:43.217595	1	2
172	2015-09-16 00:36:46.628822	0	2
173	2015-09-16 00:36:50.049424	1	2
174	2015-09-16 00:36:53.46199	1	2
175	2015-09-16 00:36:56.876665	0	2
176	2015-09-16 00:37:00.313033	1	2
177	2015-09-16 00:37:03.775085	0	2
178	2015-09-16 00:37:07.256285	1	2
179	2015-09-16 00:38:20.505696	1	2
180	2015-09-16 00:38:23.849237	0	2
181	2015-09-16 00:38:27.28518	0	2
182	2015-09-16 00:38:30.693113	1	2
183	2015-09-16 00:38:34.12008	1	2
184	2015-09-16 00:38:37.582367	0	2
185	2015-09-16 00:38:40.980336	0	2
186	2015-09-16 00:38:44.369657	0	2
187	2015-09-16 00:38:47.786446	1	2
188	2015-09-16 00:38:51.208296	1	2
189	2015-09-16 00:38:54.722861	1	2
190	2015-09-16 00:38:58.311563	1	2
191	2015-09-16 00:39:01.791654	0	2
192	2015-09-16 00:39:05.187643	0	2
193	2015-09-16 00:39:08.846337	0	2
194	2015-09-16 00:39:12.27318	0	2
195	2015-09-16 00:39:15.69958	0	2
196	2015-09-16 00:39:19.144277	0	2
197	2015-09-16 00:39:22.62177	0	2
198	2015-09-16 00:39:26.226841	0	2
199	2015-09-16 00:39:29.730993	0	2
200	2015-09-16 00:39:33.147465	0	2
201	2015-09-16 00:39:36.621477	1	2
202	2015-09-16 00:39:40.034308	1	2
203	2015-09-16 00:39:43.536645	0	2
204	2015-09-16 00:39:46.943165	1	2
205	2015-09-16 00:39:50.459989	1	2
206	2015-09-16 00:39:53.916084	1	2
207	2015-09-16 00:39:57.395192	0	2
208	2015-09-16 00:40:00.872579	1	2
209	2015-09-16 00:40:04.301318	0	2
210	2015-09-16 00:40:07.743616	1	2
211	2015-09-16 00:40:11.231301	0	2
212	2015-09-16 00:40:14.6339	1	2
213	2015-09-16 00:40:18.099037	1	2
214	2015-09-16 00:40:21.52133	1	2
215	2015-09-16 00:40:25.030826	0	2
216	2015-09-16 00:40:28.452453	1	2
217	2015-09-16 00:40:31.863407	1	2
218	2015-09-16 00:40:35.300938	1	2
219	2015-09-16 00:40:38.714693	1	2
220	2015-09-16 00:40:42.120105	1	2
221	2015-09-16 00:40:45.582743	1	2
222	2015-09-16 00:40:49.012522	1	2
223	2015-09-16 00:40:52.487084	0	2
224	2015-09-16 00:40:55.901954	1	2
225	2015-09-16 00:40:59.393583	0	2
226	2015-09-16 00:41:34.046486	0	2
227	2015-09-16 00:41:37.430305	0	2
228	2015-09-16 00:41:40.959427	0	2
229	2015-09-16 00:41:44.367716	0	2
230	2015-09-16 00:41:47.79736	0	2
231	2015-09-16 00:41:51.214097	1	2
232	2015-09-16 00:41:54.668362	1	2
233	2015-09-16 00:41:58.171708	0	2
234	2015-09-16 00:42:01.573119	0	2
235	2015-09-16 00:42:04.981393	1	2
236	2015-09-16 00:42:08.352159	1	2
237	2015-09-16 00:42:11.788521	1	2
238	2015-09-16 00:42:15.345597	0	2
239	2015-09-16 00:42:18.765339	1	2
240	2015-09-16 00:42:22.224075	0	2
241	2015-09-16 00:42:39.938679	0	2
242	2015-09-16 00:42:43.242339	0	2
243	2015-09-16 00:42:46.845504	0	2
244	2015-09-16 00:42:50.269812	0	2
245	2015-09-16 00:42:53.689699	0	2
246	2015-09-16 00:42:57.135959	1	2
247	2015-09-16 00:43:00.705427	0	2
248	2015-09-16 00:43:04.127047	1	2
249	2015-09-16 00:43:07.607189	0	2
250	2015-09-16 00:54:22.886088	1	2
251	2015-09-16 00:54:26.222596	0	2
252	2015-09-16 01:04:51.27666	0	2
253	2015-09-16 01:04:55.003545	1	2
254	2015-09-16 01:04:58.39397	1	2
255	2015-09-16 01:09:14.205145	0	2
256	2015-09-16 01:09:17.53269	0	2
257	2015-09-16 01:09:21.149419	0	2
258	2015-09-16 01:09:24.669017	1	2
259	2015-09-16 01:09:28.102154	1	2
260	2015-09-16 01:09:31.580301	0	2
261	2015-09-16 01:09:35.048527	1	2
262	2015-09-16 01:09:38.499635	1	2
263	2015-09-16 01:09:42.05224	0	2
264	2015-09-16 01:09:45.627623	0	2
265	2015-09-16 01:09:49.136415	1	2
266	2015-09-16 01:09:52.747076	1	2
267	2015-09-16 01:09:56.439503	1	2
268	2015-09-16 01:09:59.920488	0	2
269	2015-09-16 01:10:03.370586	0	2
270	2015-09-16 01:10:07.033661	1	2
271	2015-09-16 01:10:10.442438	1	2
272	2015-09-16 01:10:13.908977	0	2
273	2015-09-16 01:10:17.40103	1	2
274	2015-09-16 01:10:20.815585	0	2
275	2015-09-16 01:10:24.402655	1	2
276	2015-09-16 01:10:27.869462	1	2
277	2015-09-16 01:10:31.391733	0	2
278	2015-09-16 01:10:34.861178	1	2
279	2015-09-16 01:10:38.351368	1	2
280	2015-09-16 01:10:41.792886	1	2
281	2015-09-16 01:10:45.234042	0	2
282	2015-09-16 01:10:48.690533	1	2
283	2015-09-16 01:10:52.264764	1	2
284	2015-09-16 01:16:02.457763	1	2
285	2015-09-16 01:16:05.807343	0	2
286	2015-09-16 01:16:09.498988	0	2
287	2015-09-16 01:20:20.27164	1	2
288	2015-09-16 01:20:23.665511	1	2
289	2015-09-16 01:20:27.343865	0	2
290	2015-09-16 01:26:10.812367	0	2
291	2015-09-16 01:26:13.953632	1	2
292	2015-09-16 01:26:17.357141	1	2
293	2015-09-16 01:26:20.515837	0	2
294	2015-09-16 01:26:23.639994	1	2
295	2015-09-16 01:26:26.767982	0	2
296	2015-09-16 01:26:29.919776	0	2
297	2015-09-16 01:26:33.052361	1	2
298	2015-09-16 01:26:36.194424	0	2
299	2015-09-16 01:26:39.481881	1	2
300	2015-09-16 01:26:42.612437	1	2
301	2015-09-16 01:26:45.750738	1	2
302	2015-09-16 01:27:38.885774	0	2
303	2015-09-16 01:27:42.242206	1	2
304	2015-09-16 01:27:45.638909	0	2
305	2015-09-16 01:27:49.08149	0	2
306	2015-09-16 02:40:50.734209	0	2
307	2015-09-16 02:40:54.446456	1	2
308	2015-09-16 02:40:57.996865	0	2
309	2015-09-16 02:41:01.551879	0	2
310	2015-09-16 03:43:51.582444	0	2
311	2015-09-16 03:43:55.551522	1	2
312	2015-09-16 03:43:59.284404	0	2
313	2015-09-16 03:44:02.915073	1	2
314	2015-09-16 03:44:06.687545	0	2
315	2015-09-16 03:44:10.27488	1	2
316	2015-09-16 03:44:14.071539	1	2
317	2015-09-16 03:44:17.641095	0	2
318	2015-09-16 03:44:21.214722	0	2
319	2015-09-16 03:44:24.840242	0	2
320	2015-09-16 03:44:28.60605	0	2
321	2015-09-16 03:44:32.303707	0	2
322	2015-09-16 03:44:35.742476	1	2
323	2015-09-16 03:44:39.174203	0	2
324	2015-09-16 03:44:42.799488	1	2
325	2015-09-16 03:44:46.222058	1	2
326	2015-09-16 03:44:49.729728	1	2
327	2015-09-16 08:28:07.267534	1	2
328	2015-09-16 08:28:18.551774	1	2
329	2015-09-16 08:28:31.42976	0	2
330	2015-09-16 08:28:34.913272	0	2
331	2015-09-16 08:28:38.805917	1	2
332	2015-09-16 08:28:42.444861	0	2
333	2015-09-16 08:28:46.313542	1	2
334	2015-09-16 08:28:49.740082	0	2
335	2015-09-16 08:28:53.132814	0	2
336	2015-09-16 08:28:57.009065	1	2
337	2015-09-16 08:29:00.430702	1	2
338	2015-09-16 08:29:04.366878	0	2
339	2015-09-16 08:29:07.846642	1	2
340	2015-09-16 08:29:11.929769	0	2
341	2015-09-16 08:29:15.530297	0	2
342	2015-09-16 08:29:19.444488	0	2
343	2015-09-16 08:29:23.041665	0	2
344	2015-09-16 08:31:55.404177	1	2
345	2015-09-16 08:31:58.778664	0	2
346	2015-09-16 08:32:02.169762	0	2
347	2015-09-16 08:32:06.099987	0	2
348	2015-09-16 08:32:15.494909	1	2
349	2015-09-16 08:32:19.430517	1	2
350	2015-09-16 08:32:22.818802	0	2
\.


--
-- TOC entry 2240 (class 0 OID 0)
-- Dependencies: 192
-- Name: actividad_cardiaca_id_actividad_cardica_seq; Type: SEQUENCE SET; Schema: public; Owner: postgres
--

SELECT pg_catalog.setval('actividad_cardiaca_id_actividad_cardica_seq', 350, true);


--
-- TOC entry 2208 (class 0 OID 16501)
-- Dependencies: 187
-- Data for Name: area_trabajo; Type: TABLE DATA; Schema: public; Owner: postgres
--

COPY area_trabajo (id_area_trabajo, descripcion) FROM stdin;
1	CONSULTA EXTERNA
2	NEONATOLOGIA
3	CUIDADOS INTENSIVOS
\.


--
-- TOC entry 2241 (class 0 OID 0)
-- Dependencies: 186
-- Name: area_trabajo_id_area_trabajo_seq; Type: SEQUENCE SET; Schema: public; Owner: postgres
--

SELECT pg_catalog.setval('area_trabajo_id_area_trabajo_seq', 3, true);


--
-- TOC entry 2210 (class 0 OID 16512)
-- Dependencies: 189
-- Data for Name: datos_laborales; Type: TABLE DATA; Schema: public; Owner: postgres
--

COPY datos_laborales (id_datos_laborales, nombre_institucion, fecha_inicio, id_tipo_institucion, id_area_trabajo, id_usuario) FROM stdin;
1	HOSPITAL LUIS VERNAZA	2014-06-01	2	3	1
\.


--
-- TOC entry 2242 (class 0 OID 0)
-- Dependencies: 188
-- Name: datos_laborales_id_datos_laborales_seq; Type: SEQUENCE SET; Schema: public; Owner: postgres
--

SELECT pg_catalog.setval('datos_laborales_id_datos_laborales_seq', 1, true);


--
-- TOC entry 2212 (class 0 OID 16539)
-- Dependencies: 191
-- Data for Name: datos_profesionales; Type: TABLE DATA; Schema: public; Owner: postgres
--

COPY datos_profesionales (id_datos_profesionales, universidad, titulo, fecha_graduacion, id_usuario) FROM stdin;
1	UNIVERSIDAD DE GUAYAQUIL	CARDIOLOGO	2013-05-27	1
\.


--
-- TOC entry 2243 (class 0 OID 0)
-- Dependencies: 190
-- Name: datos_profesionales_id_datos_profesionales_seq; Type: SEQUENCE SET; Schema: public; Owner: postgres
--

SELECT pg_catalog.setval('datos_profesionales_id_datos_profesionales_seq', 1, true);


--
-- TOC entry 2204 (class 0 OID 16469)
-- Dependencies: 183
-- Data for Name: directorio; Type: TABLE DATA; Schema: public; Owner: postgres
--

COPY directorio (id_directorio, nombre_contacto, apellido_contacto, celular_contacto, email_contacto, id_usuario, id_tipo_relacion) FROM stdin;
1	MARGARITA	PINARGOTE	0981043063	hluischimbo@gmail.com	2	2
2	FELIX DAVID	LOOR BARRAGAN	9999999999	fedaloor@espol.edu.ec	2	1
\.


--
-- TOC entry 2244 (class 0 OID 0)
-- Dependencies: 182
-- Name: directorio_id_directorio_seq; Type: SEQUENCE SET; Schema: public; Owner: postgres
--

SELECT pg_catalog.setval('directorio_id_directorio_seq', 2, true);


--
-- TOC entry 2216 (class 0 OID 16568)
-- Dependencies: 195
-- Data for Name: notificacion; Type: TABLE DATA; Schema: public; Owner: postgres
--

COPY notificacion (id_notificacion, fecha_hora, observacion, id_directorio, id_tipo_notificacion) FROM stdin;
1	2015-09-16 02:40:50.825195	PULSO ACELERADO	1	1
2	2015-09-16 02:40:50.964216	PULSO ACELERADO	2	1
3	2015-09-16 02:40:54.517343	PULSO ACELERADO	1	1
4	2015-09-16 02:40:54.56228	PULSO ACELERADO	2	1
5	2015-09-16 02:40:58.077788	PULSO ACELERADO	1	1
6	2015-09-16 02:40:58.146125	PULSO ACELERADO	2	1
7	2015-09-16 02:41:01.621362	PULSO ACELERADO	1	1
8	2015-09-16 02:41:01.687578	PULSO ACELERADO	2	1
9	2015-09-16 03:43:51.665371	PULSO ACELERADO	1	1
10	2015-09-16 03:43:51.7317	PULSO ACELERADO	2	1
11	2015-09-16 03:43:55.637418	PULSO ACELERADO	1	1
12	2015-09-16 03:43:55.688193	PULSO ACELERADO	2	1
13	2015-09-16 03:43:59.370197	PULSO ACELERADO	1	1
14	2015-09-16 03:43:59.514495	PULSO ACELERADO	2	1
15	2015-09-16 03:44:02.987138	PULSO ACELERADO	1	1
16	2015-09-16 03:44:03.040286	PULSO ACELERADO	2	1
17	2015-09-16 03:44:06.77399	PULSO ACELERADO	1	1
18	2015-09-16 03:44:06.832112	PULSO ACELERADO	2	1
19	2015-09-16 03:44:10.360291	PULSO ACELERADO	1	1
20	2015-09-16 03:44:10.433322	PULSO ACELERADO	2	1
21	2015-09-16 03:44:14.126187	PULSO ACELERADO	1	1
22	2015-09-16 03:44:14.186537	PULSO ACELERADO	2	1
23	2015-09-16 03:44:17.717719	PULSO ACELERADO	1	1
24	2015-09-16 03:44:17.792397	PULSO ACELERADO	2	1
25	2015-09-16 03:44:21.27377	PULSO ACELERADO	1	1
26	2015-09-16 03:44:21.327776	PULSO ACELERADO	2	1
27	2015-09-16 03:44:24.951567	PULSO ACELERADO	1	1
28	2015-09-16 03:44:25.026404	PULSO ACELERADO	2	1
29	2015-09-16 08:28:07.376546	PULSO ACELERADO	1	1
30	2015-09-16 08:28:07.436249	PULSO ACELERADO	2	1
31	2015-09-16 08:28:18.633912	PULSO ACELERADO	1	1
32	2015-09-16 08:28:18.69034	PULSO ACELERADO	2	1
33	2015-09-16 08:32:06.166043	PULSO DECAYENDO	1	2
34	2015-09-16 08:32:06.243877	PULSO DECAYENDO	2	2
35	2015-09-16 08:32:22.878544	PULSO DECAYENDO	1	2
36	2015-09-16 08:32:22.94393	PULSO DECAYENDO	2	2
\.


--
-- TOC entry 2245 (class 0 OID 0)
-- Dependencies: 194
-- Name: notificacion_id_notificacion_seq; Type: SEQUENCE SET; Schema: public; Owner: postgres
--

SELECT pg_catalog.setval('notificacion_id_notificacion_seq', 36, true);


--
-- TOC entry 2218 (class 0 OID 16589)
-- Dependencies: 197
-- Data for Name: pulso_ideal; Type: TABLE DATA; Schema: public; Owner: postgres
--

COPY pulso_ideal (id_pulso_ideal, minimo, maximo, observacion, edad) FROM stdin;
1	80	160	REPOSO	1
2	80	130	REPOSO	2
3	80	120	REPOSO	3
\.


--
-- TOC entry 2246 (class 0 OID 0)
-- Dependencies: 196
-- Name: pulso_ideal_id_pulso_ideal_seq; Type: SEQUENCE SET; Schema: public; Owner: postgres
--

SELECT pg_catalog.setval('pulso_ideal_id_pulso_ideal_seq', 3, true);


--
-- TOC entry 2196 (class 0 OID 16419)
-- Dependencies: 175
-- Data for Name: tipo_identificacion; Type: TABLE DATA; Schema: public; Owner: postgres
--

COPY tipo_identificacion (id_tipo_identificacion, descripcion) FROM stdin;
1	CEDULA
2	PASAPORTE
3	HISTORIA CLINICA
\.


--
-- TOC entry 2247 (class 0 OID 0)
-- Dependencies: 174
-- Name: tipo_identificacion_id_tipo_identificacion_seq; Type: SEQUENCE SET; Schema: public; Owner: postgres
--

SELECT pg_catalog.setval('tipo_identificacion_id_tipo_identificacion_seq', 3, true);


--
-- TOC entry 2206 (class 0 OID 16490)
-- Dependencies: 185
-- Data for Name: tipo_institucion; Type: TABLE DATA; Schema: public; Owner: postgres
--

COPY tipo_institucion (id_tipo_institucion, descripcion) FROM stdin;
1	PUBLICA
2	PRIVADA
\.


--
-- TOC entry 2248 (class 0 OID 0)
-- Dependencies: 184
-- Name: tipo_institucion_id_tipo_institucion_seq; Type: SEQUENCE SET; Schema: public; Owner: postgres
--

SELECT pg_catalog.setval('tipo_institucion_id_tipo_institucion_seq', 2, true);


--
-- TOC entry 2202 (class 0 OID 16461)
-- Dependencies: 181
-- Data for Name: tipo_notificacion; Type: TABLE DATA; Schema: public; Owner: postgres
--

COPY tipo_notificacion (id_tipo_notificacion, descripcion) FROM stdin;
1	PREVENCION
2	ALERTA
\.


--
-- TOC entry 2249 (class 0 OID 0)
-- Dependencies: 180
-- Name: tipo_notificacion_id_tipo_notificacion_seq; Type: SEQUENCE SET; Schema: public; Owner: postgres
--

SELECT pg_catalog.setval('tipo_notificacion_id_tipo_notificacion_seq', 2, true);


--
-- TOC entry 2200 (class 0 OID 16453)
-- Dependencies: 179
-- Data for Name: tipo_relacion; Type: TABLE DATA; Schema: public; Owner: postgres
--

COPY tipo_relacion (id_tipo_relacion, descripcion) FROM stdin;
1	MEDICO  - PACIENTE
2	CONTACTO
\.


--
-- TOC entry 2250 (class 0 OID 0)
-- Dependencies: 178
-- Name: tipo_relacion_id_tipo_relacion_seq; Type: SEQUENCE SET; Schema: public; Owner: postgres
--

SELECT pg_catalog.setval('tipo_relacion_id_tipo_relacion_seq', 2, true);


--
-- TOC entry 2194 (class 0 OID 16411)
-- Dependencies: 173
-- Data for Name: tipo_usuario; Type: TABLE DATA; Schema: public; Owner: postgres
--

COPY tipo_usuario (id_tipo_usuario, descripcion) FROM stdin;
1	MEDICO
2	PACIENTE
\.


--
-- TOC entry 2251 (class 0 OID 0)
-- Dependencies: 172
-- Name: tipo_usuario_id_tipo_usuario_seq; Type: SEQUENCE SET; Schema: public; Owner: postgres
--

SELECT pg_catalog.setval('tipo_usuario_id_tipo_usuario_seq', 2, true);


--
-- TOC entry 2198 (class 0 OID 16427)
-- Dependencies: 177
-- Data for Name: usuario; Type: TABLE DATA; Schema: public; Owner: postgres
--

COPY usuario (id_usuario, num_identificacion, nombres, apellidos, fecha_nacimiento, celular, email, genero, username, password, id_tipo_usuario, id_tipo_identificacion) FROM stdin;
1	926661893	FELIX DAVID	LOOR BARRAGAN	1988-06-15	999999999	fedaloor@espol.edu.ec	1	felix	fedaloor	1	1
2	926476169	HECTOR LUIS	CHIMBO PINARGOTE	1990-03-12	9979124745	hchimbo@espol.edu.ec	1	hchimbo	hchimbo	2	1
4	1234567890	CLAUDIA MARUJA	FERNANDEZ PANTOJA	1945-08-12	999999999	xxxxxxxxxxx@example.comm	2	clafer	password	2	2
\.


--
-- TOC entry 2252 (class 0 OID 0)
-- Dependencies: 176
-- Name: usuario_id_usuario_seq; Type: SEQUENCE SET; Schema: public; Owner: postgres
--

SELECT pg_catalog.setval('usuario_id_usuario_seq', 4, true);


--
-- TOC entry 2068 (class 2606 OID 16560)
-- Name: id_actividadcardiacaPK; Type: CONSTRAINT; Schema: public; Owner: postgres; Tablespace: 
--

ALTER TABLE ONLY actividad_cardiaca
    ADD CONSTRAINT "id_actividadcardiacaPK" PRIMARY KEY (id_actividad_cardiaca);


--
-- TOC entry 2062 (class 2606 OID 16509)
-- Name: id_areatrabajoPK; Type: CONSTRAINT; Schema: public; Owner: postgres; Tablespace: 
--

ALTER TABLE ONLY area_trabajo
    ADD CONSTRAINT "id_areatrabajoPK" PRIMARY KEY (id_area_trabajo);


--
-- TOC entry 2064 (class 2606 OID 16520)
-- Name: id_datoslaboralesPK; Type: CONSTRAINT; Schema: public; Owner: postgres; Tablespace: 
--

ALTER TABLE ONLY datos_laborales
    ADD CONSTRAINT "id_datoslaboralesPK" PRIMARY KEY (id_datos_laborales);


--
-- TOC entry 2066 (class 2606 OID 16547)
-- Name: id_datosprofesionalesPK; Type: CONSTRAINT; Schema: public; Owner: postgres; Tablespace: 
--

ALTER TABLE ONLY datos_profesionales
    ADD CONSTRAINT "id_datosprofesionalesPK" PRIMARY KEY (id_datos_profesionales);


--
-- TOC entry 2058 (class 2606 OID 16477)
-- Name: id_directorioPK; Type: CONSTRAINT; Schema: public; Owner: postgres; Tablespace: 
--

ALTER TABLE ONLY directorio
    ADD CONSTRAINT "id_directorioPK" PRIMARY KEY (id_directorio);


--
-- TOC entry 2070 (class 2606 OID 16576)
-- Name: id_notificacionPK; Type: CONSTRAINT; Schema: public; Owner: postgres; Tablespace: 
--

ALTER TABLE ONLY notificacion
    ADD CONSTRAINT "id_notificacionPK" PRIMARY KEY (id_notificacion);


--
-- TOC entry 2072 (class 2606 OID 16597)
-- Name: id_pulsoidealPK; Type: CONSTRAINT; Schema: public; Owner: postgres; Tablespace: 
--

ALTER TABLE ONLY pulso_ideal
    ADD CONSTRAINT "id_pulsoidealPK" PRIMARY KEY (id_pulso_ideal);


--
-- TOC entry 2060 (class 2606 OID 16498)
-- Name: id_tipoinstitucionPK; Type: CONSTRAINT; Schema: public; Owner: postgres; Tablespace: 
--

ALTER TABLE ONLY tipo_institucion
    ADD CONSTRAINT "id_tipoinstitucionPK" PRIMARY KEY (id_tipo_institucion);


--
-- TOC entry 2056 (class 2606 OID 16466)
-- Name: id_tiponotificacionPK; Type: CONSTRAINT; Schema: public; Owner: postgres; Tablespace: 
--

ALTER TABLE ONLY tipo_notificacion
    ADD CONSTRAINT "id_tiponotificacionPK" PRIMARY KEY (id_tipo_notificacion);


--
-- TOC entry 2054 (class 2606 OID 16458)
-- Name: id_tiporelacionPK; Type: CONSTRAINT; Schema: public; Owner: postgres; Tablespace: 
--

ALTER TABLE ONLY tipo_relacion
    ADD CONSTRAINT "id_tiporelacionPK" PRIMARY KEY (id_tipo_relacion);


--
-- TOC entry 2052 (class 2606 OID 16432)
-- Name: id_userPK; Type: CONSTRAINT; Schema: public; Owner: postgres; Tablespace: 
--

ALTER TABLE ONLY usuario
    ADD CONSTRAINT "id_userPK" PRIMARY KEY (id_usuario);


--
-- TOC entry 2050 (class 2606 OID 16424)
-- Name: tipo_identificacionPK; Type: CONSTRAINT; Schema: public; Owner: postgres; Tablespace: 
--

ALTER TABLE ONLY tipo_identificacion
    ADD CONSTRAINT "tipo_identificacionPK" PRIMARY KEY (id_tipo_identificacion);


--
-- TOC entry 2048 (class 2606 OID 16416)
-- Name: tipo_usuarioPK; Type: CONSTRAINT; Schema: public; Owner: postgres; Tablespace: 
--

ALTER TABLE ONLY tipo_usuario
    ADD CONSTRAINT "tipo_usuarioPK" PRIMARY KEY (id_tipo_usuario);


--
-- TOC entry 2078 (class 2606 OID 16526)
-- Name: id_areatrabajoFK; Type: FK CONSTRAINT; Schema: public; Owner: postgres
--

ALTER TABLE ONLY datos_laborales
    ADD CONSTRAINT "id_areatrabajoFK" FOREIGN KEY (id_area_trabajo) REFERENCES area_trabajo(id_area_trabajo);


--
-- TOC entry 2082 (class 2606 OID 16577)
-- Name: id_directorioFK; Type: FK CONSTRAINT; Schema: public; Owner: postgres
--

ALTER TABLE ONLY notificacion
    ADD CONSTRAINT "id_directorioFK" FOREIGN KEY (id_directorio) REFERENCES directorio(id_directorio);


--
-- TOC entry 2077 (class 2606 OID 16521)
-- Name: id_tipoinstitucionFK; Type: FK CONSTRAINT; Schema: public; Owner: postgres
--

ALTER TABLE ONLY datos_laborales
    ADD CONSTRAINT "id_tipoinstitucionFK" FOREIGN KEY (id_tipo_institucion) REFERENCES tipo_institucion(id_tipo_institucion);


--
-- TOC entry 2083 (class 2606 OID 16582)
-- Name: id_tiponotificacionFK; Type: FK CONSTRAINT; Schema: public; Owner: postgres
--

ALTER TABLE ONLY notificacion
    ADD CONSTRAINT "id_tiponotificacionFK" FOREIGN KEY (id_tipo_notificacion) REFERENCES tipo_notificacion(id_tipo_notificacion);


--
-- TOC entry 2076 (class 2606 OID 16483)
-- Name: id_tiporelacionFK; Type: FK CONSTRAINT; Schema: public; Owner: postgres
--

ALTER TABLE ONLY directorio
    ADD CONSTRAINT "id_tiporelacionFK" FOREIGN KEY (id_tipo_relacion) REFERENCES tipo_relacion(id_tipo_relacion);


--
-- TOC entry 2075 (class 2606 OID 16478)
-- Name: id_usuarioFK; Type: FK CONSTRAINT; Schema: public; Owner: postgres
--

ALTER TABLE ONLY directorio
    ADD CONSTRAINT "id_usuarioFK" FOREIGN KEY (id_usuario) REFERENCES usuario(id_usuario);


--
-- TOC entry 2079 (class 2606 OID 16531)
-- Name: id_usuarioFK; Type: FK CONSTRAINT; Schema: public; Owner: postgres
--

ALTER TABLE ONLY datos_laborales
    ADD CONSTRAINT "id_usuarioFK" FOREIGN KEY (id_usuario) REFERENCES usuario(id_usuario);


--
-- TOC entry 2080 (class 2606 OID 16548)
-- Name: id_usuarioFK; Type: FK CONSTRAINT; Schema: public; Owner: postgres
--

ALTER TABLE ONLY datos_profesionales
    ADD CONSTRAINT "id_usuarioFK" FOREIGN KEY (id_usuario) REFERENCES usuario(id_usuario);


--
-- TOC entry 2081 (class 2606 OID 16561)
-- Name: id_usuarioFK; Type: FK CONSTRAINT; Schema: public; Owner: postgres
--

ALTER TABLE ONLY actividad_cardiaca
    ADD CONSTRAINT "id_usuarioFK" FOREIGN KEY (id_usuario) REFERENCES usuario(id_usuario);


--
-- TOC entry 2074 (class 2606 OID 16438)
-- Name: tipo_identificacion; Type: FK CONSTRAINT; Schema: public; Owner: postgres
--

ALTER TABLE ONLY usuario
    ADD CONSTRAINT tipo_identificacion FOREIGN KEY (id_tipo_identificacion) REFERENCES tipo_identificacion(id_tipo_identificacion);


--
-- TOC entry 2073 (class 2606 OID 16433)
-- Name: tipo_usuarioFK; Type: FK CONSTRAINT; Schema: public; Owner: postgres
--

ALTER TABLE ONLY usuario
    ADD CONSTRAINT "tipo_usuarioFK" FOREIGN KEY (id_tipo_usuario) REFERENCES tipo_usuario(id_tipo_usuario);


--
-- TOC entry 2225 (class 0 OID 0)
-- Dependencies: 5
-- Name: public; Type: ACL; Schema: -; Owner: postgres
--

REVOKE ALL ON SCHEMA public FROM PUBLIC;
REVOKE ALL ON SCHEMA public FROM postgres;
GRANT ALL ON SCHEMA public TO postgres;
GRANT ALL ON SCHEMA public TO PUBLIC;


-- Completed on 2015-09-16 08:35:00 ECT

--
-- PostgreSQL database dump complete
--

